{"auc": 0.9605083000121168, "f1": 0.7645687645687645, "confusion_matrix": [[731, 55], [46, 164]]}